<?xml version="1.0" encoding="UTF-8"?>
<project-private xmlns="http://www.netbeans.org/ns/project-private/1">
    <editor-bookmarks xmlns="http://www.netbeans.org/ns/editor-bookmarks/2" lastBookmarkId="0"/>
    <open-files xmlns="http://www.netbeans.org/ns/projectui-open-files/2">
        <group>
            <file>file:/C:/Users/Telma%20Morales/Documents/NetBeansProjects/ConectorMVC2021/src/controlador/ControladorInsertar.java</file>
            <file>file:/C:/Users/Telma%20Morales/Documents/NetBeansProjects/ConectorMVC2021/src/vista/Frm_Mostrar.java</file>
            <file>file:/C:/Users/Telma%20Morales/Documents/NetBeansProjects/ConectorMVC2021/src/modelo/PaisVO.java</file>
            <file>file:/C:/Users/Telma%20Morales/Documents/NetBeansProjects/ConectorMVC2021/src/modelo/PaisDAO.java</file>
            <file>file:/C:/Users/Telma%20Morales/Documents/NetBeansProjects/ConectorMVC2021/src/conectormvc2021/ConectorMVC2021.java</file>
            <file>file:/C:/Users/Telma%20Morales/Documents/NetBeansProjects/ConectorMVC2021/src/vista/Frm_Insertar.java</file>
            <file>file:/C:/Users/Telma%20Morales/Documents/NetBeansProjects/ConectorMVC2021/src/controlador/ControladorMostrar.java</file>
            <file>file:/C:/Users/Telma%20Morales/Documents/NetBeansProjects/ConectorMVC2021/src/modelo/ConsultasDAO.java</file>
            <file>file:/C:/Users/Telma%20Morales/Documents/NetBeansProjects/ConectorMVC2021/src/vista/Frm_Menu.java</file>
            <file>file:/C:/Users/Telma%20Morales/Documents/NetBeansProjects/ConectorMVC2021/src/controlador/ControladorMenu.java</file>
            <file>file:/C:/Users/Telma%20Morales/Documents/NetBeansProjects/ConectorMVC2021/src/modelo/Conector.java</file>
        </group>
    </open-files>
</project-private>
