<?xml version="1.0" encoding="UTF-8"?>
<project-private xmlns="http://www.netbeans.org/ns/project-private/1">
    <editor-bookmarks xmlns="http://www.netbeans.org/ns/editor-bookmarks/2" lastBookmarkId="0"/>
    <open-files xmlns="http://www.netbeans.org/ns/projectui-open-files/2">
        <group>
            <file>file:/C:/Users/Telma%20Morales/Documents/NetBeansProjects/EjercicioconMetodos/src/ejercicioconmetodos/Ciclos.java</file>
            <file>file:/C:/Users/Telma%20Morales/Documents/NetBeansProjects/EjercicioconMetodos/src/ejercicioconmetodos/Matrices.java</file>
            <file>file:/C:/Users/Telma%20Morales/Documents/NetBeansProjects/EjercicioconMetodos/src/ejercicioconmetodos/EjercicioconMetodos.java</file>
            <file>file:/C:/Users/Telma%20Morales/Documents/NetBeansProjects/EjercicioconMetodos/src/ejercicioconmetodos/Condiciones.java</file>
            <file>file:/C:/Users/Telma%20Morales/Documents/NetBeansProjects/EjercicioconMetodos/src/ejercicioconmetodos/Arreglos.java</file>
            <file>file:/C:/Users/Telma%20Morales/Documents/NetBeansProjects/EjercicioconMetodos/src/ejercicioconmetodos/OperacionesAritmeticas.java</file>
            <file>file:/C:/Users/Telma%20Morales/Documents/NetBeansProjects/EjercicioconMetodos/src/ejercicioconmetodos/Fibonacci.java</file>
        </group>
    </open-files>
</project-private>
